æ—¥æœŸ, é€²ç«™, å‡ºç«™, æ‰‹çºŒè²»
2017/12/04 18:58:55, ·s®H, ¦æ¤Ñ®c, 24
2017/12/05 00:13:49, ¦æ¤Ñ®c, ¦¿¤l»A, 24
2017/12/13 09:36:05, ¦¿¤l»A, ¨ÈªFÂå°|, 16
2017/12/13 20:27:18, ¨ÈªFÂå°|, ¦¿¤l»A, 16
2017/12/14 09:44:35, ¦¿¤l»A, ¨ÈªFÂå°|, 16
2017/12/14 21:09:37, ¨ÈªFÂå°|, ¦¿¤l»A, 16
2017/12/15 09:49:26, ¦¿¤l»A, ¨ÈªFÂå°|, 16
2017/12/15 19:30:30, ¨ÈªFÂå°|, ¦¿¤l»A, 16
2017/12/18 09:51:17, ¦¿¤l»A, ¨ÈªFÂå°|, 16
2017/12/18 19:35:53, ¨ÈªFÂå°|, ·s®H, 16
2017/12/19 09:47:44, ¦¿¤l»A, ¨ÈªFÂå°|, 16
2017/12/19 20:06:10, ¨ÈªFÂå°|, ¦¿¤l»A, 16
2017/12/20 09:40:06, ¦¿¤l»A, ´äáY, 36
2017/12/20 19:53:22, ´äáY, ¦¿¤l»A, 36
2017/12/21 10:03:44, ¦¿¤l»A, ´äáY, 36
2017/12/21 19:14:42, ´äáY, ·s®H, 36
2017/12/22 09:44:48, ¦¿¤l»A, ¨ÈªFÂå°|, 16
2017/12/22 19:48:24, ¨ÈªFÂå°|, ¦¿¤l»A, 16
2017/12/25 09:49:33, ¦¿¤l»A, ¨ÈªFÂå°|, 16
2017/12/25 19:45:04, ¨ÈªFÂå°|, ¦¿¤l»A, 16
2017/12/26 09:48:36, ¦¿¤l»A, ¨ÈªFÂå°|, 16
2017/12/26 19:13:43, ¨ÈªFÂå°|, ¦¿¤l»A, 16
2017/12/27 09:45:15, ¦¿¤l»A, ¨ÈªFÂå°|, 16
2017/12/27 20:40:56, ¨ÈªFÂå°|, ¦¿¤l»A, 16
2017/12/28 09:57:12, ¦¿¤l»A, ´äáY, 36
2017/12/28 19:09:39, ´äáY, ¦¿¤l»A, 36
